{"schemaVersion":"1.0","appDefinitionTemplate":{"id":"/providers/Microsoft.PowerApps/apps/","type":"Microsoft.PowerApps/apps","tags":{"primaryDeviceWidth":"640","primaryDeviceHeight":"1136","sienaVersion":"20200305T060628Z-3.20023.0.0","deviceCapabilities":"webcam","supportsPortrait":"true","supportsLandscape":"false","primaryFormFactor":"Phone","publisherVersion":"3.20023.0","minimumRequiredApiVersion":"2.2.0","hasComponent":"false","hasUnlockedComponent":"false"},"properties":{"appVersion":"2020-03-05T06:06:28Z","lifeCycleId":"Published","createdByClientVersion":{"major":3,"minor":20023,"build":0,"revision":0,"majorRevision":0,"minorRevision":0},"minClientVersion":{"major":3,"minor":20023,"build":0,"revision":0,"majorRevision":0,"minorRevision":0},"backgroundColor":"rgba(1, 60, 96, 1)","backgroundImageUri":"/15662130503183190104/Neccd39b1-334f-4235-a156-0ee6c0cbb48d-logoSmallFile","displayName":"Contoso Contact Tracing Sample App","description":"","commitMessage":"","appUris":{"documentUri":{"value":"/15662130503183190104/N2e9f9dc0-e688-4bf8-94d7-a175ecc35d96-document.msapp","readonlyValue":"/15662130503183190104/N2e9f9dc0-e688-4bf8-94d7-a175ecc35d96-document.msapp"},"imageUris":[]},"createdTime":"0001-01-01T00:00:00Z","lastModifiedTime":"0001-01-01T00:00:00Z","sharedGroupsCount":0,"sharedUsersCount":0,"icons":{"smallIconUri":"/15662130503183190104/N5ddc0b61-ceb6-4c5d-8d03-f859497d6e9f-small.png","mediumIconUri":"/15662130503183190104/N99965f31-bcc0-4cff-8f1d-b117695b0991-medium.png","largeIconUri":"/15662130503183190104/Nf66de2ee-f8a4-4e8d-b8d3-e20937b3d423-large.png","wideIconUri":"/15662130503183190104/Na67f6714-268d-4974-b8c7-748f4113f47f-wide.png"},"connectionReferences":{},"databaseReferences":{},"almMode":"Environment","performanceOptimizationEnabled":false,"canConsumeAppPass":true},"isAppComponentLibrary":false,"appComponents":[]}}