{"schemaVersion":"1.0","appDefinitionTemplate":{"id":"/providers/Microsoft.PowerApps/apps/","type":"Microsoft.PowerApps/apps","tags":{"primaryDeviceWidth":"640","primaryDeviceHeight":"1136","sienaVersion":"20200302T070229Z-3.20023.0.0","deviceCapabilities":"webcam","supportsPortrait":"true","supportsLandscape":"false","primaryFormFactor":"Phone","publisherVersion":"3.20023.0","minimumRequiredApiVersion":"2.2.0","hasComponent":"false","hasUnlockedComponent":"false"},"properties":{"appVersion":"2020-03-02T07:02:29Z","lifeCycleId":"Published","createdByClientVersion":{"major":3,"minor":20023,"build":0,"revision":0,"majorRevision":0,"minorRevision":0},"minClientVersion":{"major":3,"minor":20023,"build":0,"revision":0,"majorRevision":0,"minorRevision":0},"backgroundColor":"rgba(1, 60, 96, 1)","backgroundImageUri":"/15608256831710861505/N5e2b3216-0518-42f5-915d-c2094621cf1e-logoSmallFile","displayName":"Contoso Contact Tracing Sample App","description":"","commitMessage":"","appUris":{"documentUri":{"value":"/15608256831710861505/N8d3d4db5-83ea-4c04-837f-02f9e268f32f-document.msapp","readonlyValue":"/15608256831710861505/N8d3d4db5-83ea-4c04-837f-02f9e268f32f-document.msapp"},"imageUris":[]},"createdTime":"0001-01-01T00:00:00Z","lastModifiedTime":"0001-01-01T00:00:00Z","sharedGroupsCount":0,"sharedUsersCount":0,"icons":{"smallIconUri":"/15608256831710861505/N52bf2a08-c9dd-4cd3-a19b-14a04154bb8a-small.png","mediumIconUri":"/15608256831710861505/N65631330-6d49-4314-bef8-19785166c755-medium.png","largeIconUri":"/15608256831710861505/Nd2fc05a2-6eec-4f4a-89ea-daff4a7e3de4-large.png","wideIconUri":"/15608256831710861505/N865df924-7704-403b-914c-83728ed3c42e-wide.png"},"connectionReferences":{"e61c4f88-549f-4178-be85-35a1952820d1":{"id":"1a757a1b-d2c9-4a35-8041-7713aea1daa6","displayName":"SharePoint","iconUri":"https://connectoricons-prod.azureedge.net/sharepointonline/icon_1.0.1299.1858.png","dataSources":["Check-in list","External Check-in list"],"dependencies":[],"dependents":[],"parameterHints":{},"isOnPremiseConnection":false,"bypassConsent":false,"dataSets":{"https://m365x856910.sharepoint.com/sites/TestTeamSite":{"dataSources":{"Check-in list":{"tableName":"da6c5aea-e1ac-4415-9971-5771062b71d1"},"External Check-in list":{"tableName":"13e023cc-8d59-46e4-9d07-1d5d0d7fab0a"}}}},"apiTier":"Standard","isCustomApiConnection":false}},"databaseReferences":{},"almMode":"Environment","performanceOptimizationEnabled":false,"canConsumeAppPass":true},"isAppComponentLibrary":false,"appComponents":[]}}